Type,Date,Part_ of_ a_policing_ operation,Policing operation,Latitude,Longitude,Gender,Age range,Self-defined ethnicity,Officer-defined ethnicity,Legislation,Object of search,Outcome,Outcome linked to object of search,Removal of more than just outer clothing
Person search,2020-12-01T19:00:00+00:00,FALSE,,52.475739,-0.713476,Male,18-24,White - English/Welsh/Scottish/Northern Irish/British,White,Police and Criminal Evidence Act 1984 (section 1),Offensive weapons,A no further action disposal,FALSE,FALSE
Person search,2020-12-01T19:45:00+00:00,FALSE,,52.475739,-0.713476,Male,,Other ethnic group - Not stated,Black,Police and Criminal Evidence Act 1984 (section 1),Offensive weapons,A no further action disposal,FALSE,FALSE
Person search,2020-12-02T12:20:00+00:00,FALSE,,52.404552,-0.74702,Male,over 34,White - Any other White background,White,Police and Criminal Evidence Act 1984 (section 1),Stolen goods,Arrest,TRUE,FALSE
Person search,2020-12-02T15:34:00+00:00,FALSE,,,,Male,over 34,White - English/Welsh/Scottish/Northern Irish/British,White,Police and Criminal Evidence Act 1984 (section 1),Article for use in theft,A no further action disposal,FALSE,FALSE
Person search,2020-12-02T16:10:00+00:00,FALSE,,52.255208,-0.900621,Male,over 34,White - English/Welsh/Scottish/Northern Irish/British,White,Police and Criminal Evidence Act 1984 (section 1),Stolen goods,A no further action disposal,FALSE,FALSE
Person search,2020-12-02T22:35:00+00:00,FALSE,,52.397443,-0.727894,Male,over 34,White - Any other White background,White,Police and Criminal Evidence Act 1984 (section 1),Evidence of offences under the Act,Community resolution,TRUE,FALSE
Person search,2020-12-04T01:20:00+00:00,FALSE,,52.473264,-0.716551,Male,25-34,Black/African/Caribbean/Black British - African,Black,Misuse of Drugs Act 1971 (section 23),Controlled drugs,Community resolution,TRUE,FALSE
Person search,2020-12-04T10:55:00+00:00,FALSE,,52.237058,-0.895022,Male,18-24,White - English/Welsh/Scottish/Northern Irish/British,White,Police and Criminal Evidence Act 1984 (section 1),Offensive weapons,A no further action disposal,FALSE,FALSE
Person search,2020-12-04T11:00:00+00:00,FALSE,,52.237058,-0.895022,Male,25-34,White - English/Welsh/Scottish/Northern Irish/British,White,Police and Criminal Evidence Act 1984 (section 1),Offensive weapons,A no further action disposal,FALSE,FALSE
Person search,2020-12-04T15:00:00+00:00,FALSE,,52.239601,-0.897741,Male,over 34,White - English/Welsh/Scottish/Northern Irish/British,White,Misuse of Drugs Act 1971 (section 23),Controlled drugs,A no further action disposal,FALSE,FALSE
Person search,2020-12-04T15:00:00+00:00,FALSE,,52.239601,-0.897741,Male,over 34,White - English/Welsh/Scottish/Northern Irish/British,White,Misuse of Drugs Act 1971 (section 23),Controlled drugs,A no further action disposal,FALSE,FALSE
Person search,2020-12-04T18:07:00+00:00,FALSE,,52.299951,-0.622401,Male,18-24,Other ethnic group - Not stated,,Misuse of Drugs Act 1971 (section 23),Evidence of offences under the Act,A no further action disposal,FALSE,FALSE
Person search,2020-12-05T18:00:00+00:00,FALSE,,52.408553,-0.702068,Female,18-24,White - English/Welsh/Scottish/Northern Irish/British,White,Misuse of Drugs Act 1971 (section 23),Controlled drugs,A no further action disposal,FALSE,FALSE
Person search,2020-12-06T00:50:00+00:00,FALSE,,52.233621,-0.8843,Male,18-24,White - Any other White background,White,Misuse of Drugs Act 1971 (section 23),Controlled drugs,A no further action disposal,FALSE,FALSE
Person search,2020-12-06T00:50:00+00:00,FALSE,,52.233621,-0.8843,Male,18-24,Other ethnic group - Not stated,White,Misuse of Drugs Act 1971 (section 23),Controlled drugs,Arrest,TRUE,FALSE
Person search,2020-12-06T00:50:00+00:00,FALSE,,52.233621,-0.8843,Male,18-24,Black/African/Caribbean/Black British - Any other Black/African/Caribbean background,Black,Misuse of Drugs Act 1971 (section 23),Controlled drugs,A no further action disposal,FALSE,FALSE
Person search,2020-12-06T00:50:00+00:00,FALSE,,52.233621,-0.8843,Male,18-24,White - Any other White background,White,Misuse of Drugs Act 1971 (section 23),Controlled drugs,A no further action disposal,FALSE,FALSE
Person search,2020-12-06T14:30:00+00:00,FALSE,,,,Male,18-24,Asian/Asian British - Bangladeshi,Asian,Misuse of Drugs Act 1971 (section 23),Controlled drugs,Arrest,TRUE,FALSE
Person search,2020-12-06T19:50:00+00:00,FALSE,,52.239601,-0.897741,Male,25-34,White - Any other White background,White,Police and Criminal Evidence Act 1984 (section 1),Articles for use in criminal damage,Arrest,TRUE,FALSE
Person search,2020-12-07T00:25:00+00:00,FALSE,,52.245367,-0.8971,Male,18-24,Asian/Asian British - Any other Asian background,Asian,Misuse of Drugs Act 1971 (section 23),Controlled drugs,A no further action disposal,FALSE,FALSE
Person search,2020-12-07T00:25:00+00:00,FALSE,,52.245367,-0.8971,Male,25-34,Asian/Asian British - Bangladeshi,Asian,Misuse of Drugs Act 1971 (section 23),Controlled drugs,A no further action disposal,FALSE,FALSE
Person search,2020-12-07T11:00:00+00:00,FALSE,,52.333273,-0.726742,Male,25-34,White - English/Welsh/Scottish/Northern Irish/British,White,Misuse of Drugs Act 1971 (section 23),Controlled drugs,Community resolution,TRUE,FALSE
Person search,2020-12-08T00:15:00+00:00,FALSE,,52.412219,-0.739187,Male,25-34,White - English/Welsh/Scottish/Northern Irish/British,White,Misuse of Drugs Act 1971 (section 23),Controlled drugs,Arrest,TRUE,FALSE
Person search,2020-12-08T00:30:00+00:00,FALSE,,52.408092,-0.740848,Male,25-34,White - English/Welsh/Scottish/Northern Irish/British,White,Police and Criminal Evidence Act 1984 (section 1),Article for use in theft,Arrest,TRUE,FALSE
Person search,2020-12-08T00:30:00+00:00,FALSE,,52.408092,-0.740848,Male,18-24,White - English/Welsh/Scottish/Northern Irish/British,White,Police and Criminal Evidence Act 1984 (section 1),Stolen goods,A no further action disposal,FALSE,FALSE
Person search,2020-12-08T00:30:00+00:00,FALSE,,52.408092,-0.740848,Male,25-34,White - English/Welsh/Scottish/Northern Irish/British,White,Police and Criminal Evidence Act 1984 (section 1),Stolen goods,A no further action disposal,FALSE,FALSE
Person search,2020-12-08T00:30:00+00:00,FALSE,,52.412219,-0.739187,Male,over 34,White - English/Welsh/Scottish/Northern Irish/British,White,Police and Criminal Evidence Act 1984 (section 1),Article for use in theft,A no further action disposal,FALSE,FALSE
Person search,2020-12-08T13:20:00+00:00,FALSE,,52.235943,-0.890261,Male,25-34,White - Any other White background,White,Misuse of Drugs Act 1971 (section 23),Controlled drugs,A no further action disposal,FALSE,FALSE
Person search,2020-12-08T13:40:00+00:00,FALSE,,52.237305,-0.896436,Male,25-34,White - English/Welsh/Scottish/Northern Irish/British,White,Police and Criminal Evidence Act 1984 (section 1),Article for use in theft,A no further action disposal,FALSE,FALSE
Person search,2020-12-08T13:40:00+00:00,FALSE,,52.237305,-0.896436,Male,25-34,Black/African/Caribbean/Black British - Any other Black/African/Caribbean background,White,Police and Criminal Evidence Act 1984 (section 1),Article for use in theft,A no further action disposal,FALSE,FALSE
Person search,2020-12-08T16:24:00+00:00,FALSE,,52.466666,-0.729153,Male,18-24,White - English/Welsh/Scottish/Northern Irish/British,White,Police and Criminal Evidence Act 1984 (section 1),Offensive weapons,A no further action disposal,FALSE,FALSE
Person search,2020-12-08T17:45:00+00:00,FALSE,,52.466666,-0.729153,Male,18-24,White - Any other White background,White,Police and Criminal Evidence Act 1984 (section 1),Offensive weapons,A no further action disposal,FALSE,FALSE
Person search,2020-12-08T20:15:00+00:00,FALSE,,52.247135,-0.897716,Male,over 34,Other ethnic group - Not stated,White,Police and Criminal Evidence Act 1984 (section 1),Stolen goods,A no further action disposal,FALSE,FALSE
Person search,2020-12-08T23:00:00+00:00,FALSE,,,,Male,18-24,Black/African/Caribbean/Black British - Caribbean,Black,Misuse of Drugs Act 1971 (section 23),Controlled drugs,A no further action disposal,TRUE,FALSE
Person search,2020-12-09T02:30:00+00:00,FALSE,,,,Male,18-24,White - English/Welsh/Scottish/Northern Irish/British,White,Police and Criminal Evidence Act 1984 (section 1),Article for use in theft,A no further action disposal,FALSE,FALSE
Person search,2020-12-09T17:01:00+00:00,FALSE,,52.270256,-0.894504,Male,18-24,White - English/Welsh/Scottish/Northern Irish/British,White,Misuse of Drugs Act 1971 (section 23),Controlled drugs,A no further action disposal,FALSE,FALSE
Person search,2020-12-09T20:15:00+00:00,FALSE,,52.238315,-1.055451,Male,18-24,White - English/Welsh/Scottish/Northern Irish/British,White,Misuse of Drugs Act 1971 (section 23),Controlled drugs,A no further action disposal,TRUE,FALSE
Person search,2020-12-10T01:40:00+00:00,FALSE,,52.24791,-0.837904,Male,18-24,White - English/Welsh/Scottish/Northern Irish/British,White,Misuse of Drugs Act 1971 (section 23),Controlled drugs,Community resolution,TRUE,FALSE
Person search,2020-12-10T02:00:00+00:00,FALSE,,52.496183,-0.70684,Male,over 34,White - English/Welsh/Scottish/Northern Irish/British,White,Police and Criminal Evidence Act 1984 (section 1),Offensive weapons,A no further action disposal,FALSE,FALSE
Person search,2020-12-10T22:00:00+00:00,FALSE,,,,Male,25-34,White - English/Welsh/Scottish/Northern Irish/British,White,Misuse of Drugs Act 1971 (section 23),Controlled drugs,A no further action disposal,FALSE,FALSE
Person search,2020-12-11T02:20:00+00:00,FALSE,,52.227008,-0.902958,Male,25-34,White - English/Welsh/Scottish/Northern Irish/British,White,Firearms Act 1968 (section 47),Firearms,A no further action disposal,FALSE,FALSE
Person search,2020-12-11T02:25:00+00:00,FALSE,,52.227008,-0.902958,Male,25-34,Asian/Asian British - Pakistani,Asian,Firearms Act 1968 (section 47),Firearms,A no further action disposal,FALSE,FALSE
Person search,2020-12-11T11:00:00+00:00,FALSE,,52.216836,-0.913235,Female,25-34,White - English/Welsh/Scottish/Northern Irish/British,White,Misuse of Drugs Act 1971 (section 23),Controlled drugs,A no further action disposal,FALSE,FALSE
Person search,2020-12-11T11:00:00+00:00,FALSE,,52.216836,-0.913235,Female,25-34,White - English/Welsh/Scottish/Northern Irish/British,White,Misuse of Drugs Act 1971 (section 23),Controlled drugs,A no further action disposal,FALSE,FALSE
Person search,2020-12-11T11:00:00+00:00,FALSE,,52.216836,-0.913235,Male,over 34,White - English/Welsh/Scottish/Northern Irish/British,White,Misuse of Drugs Act 1971 (section 23),Controlled drugs,A no further action disposal,FALSE,FALSE
Person search,2020-12-11T11:35:00+00:00,FALSE,,,,Male,over 34,Other ethnic group - Not stated,White,Misuse of Drugs Act 1971 (section 23),Controlled drugs,A no further action disposal,FALSE,FALSE
Person search,2020-12-11T14:36:00+00:00,FALSE,,52.296854,-0.71123,Male,17-Oct,Other ethnic group - Not stated,Black,Misuse of Drugs Act 1971 (section 23),Controlled drugs,A no further action disposal,FALSE,FALSE
Person search,2020-12-11T17:00:00+00:00,TRUE,,,,Male,17-Oct,White - Any other White background,White,Misuse of Drugs Act 1971 (section 23),Controlled drugs,A no further action disposal,FALSE,FALSE
Person search,2020-12-11T17:05:00+00:00,FALSE,,52.305949,-0.713401,Male,18-24,White - English/Welsh/Scottish/Northern Irish/British,White,Misuse of Drugs Act 1971 (section 23),Controlled drugs,A no further action disposal,FALSE,FALSE
Person search,2020-12-11T18:40:00+00:00,FALSE,,52.280977,-0.922162,Female,18-24,White - English/Welsh/Scottish/Northern Irish/British,White,Misuse of Drugs Act 1971 (section 23),Controlled drugs,Community resolution,TRUE,FALSE
Person search,2020-12-11T22:45:00+00:00,FALSE,,52.242572,-0.897272,Male,18-24,Other ethnic group - Not stated,White,Police and Criminal Evidence Act 1984 (section 1),Offensive weapons,Arrest,TRUE,FALSE
Person search,2020-12-11T23:10:00+00:00,FALSE,,52.241637,-0.895318,Male,18-24,White - Any other White background,White,Police and Criminal Evidence Act 1984 (section 1),Offensive weapons,A no further action disposal,FALSE,FALSE
Person search,2020-12-11T23:15:00+00:00,FALSE,,52.241637,-0.895318,Male,18-24,Other ethnic group - Any other ethnic group,,Police and Criminal Evidence Act 1984 (section 1),Offensive weapons,A no further action disposal,FALSE,FALSE
Person search,2020-12-11T23:17:00+00:00,FALSE,,52.283388,-0.698325,Male,18-24,Other ethnic group - Not stated,Asian,Police and Criminal Evidence Act 1984 (section 1),Offensive weapons,A no further action disposal,FALSE,FALSE
Person search,2020-12-11T23:19:00+00:00,FALSE,,52.283388,-0.698325,Male,18-24,Asian/Asian British - Bangladeshi,Asian,Police and Criminal Evidence Act 1984 (section 1),Offensive weapons,A no further action disposal,FALSE,FALSE
Person search,2020-12-11T23:21:00+00:00,FALSE,,52.283388,-0.698325,Male,over 34,Asian/Asian British - Bangladeshi,Asian,Police and Criminal Evidence Act 1984 (section 1),Offensive weapons,A no further action disposal,FALSE,FALSE
Person search,2020-12-12T02:09:00+00:00,FALSE,,52.221205,-0.90253,Male,over 34,Other ethnic group - Not stated,,Police and Criminal Evidence Act 1984 (section 1),Article for use in theft,A no further action disposal,FALSE,FALSE
Person search,2020-12-12T11:50:00+00:00,FALSE,,52.267305,-0.898168,Male,18-24,White - Any other White background,White,Misuse of Drugs Act 1971 (section 23),Controlled drugs,Arrest,TRUE,FALSE
Person search,2020-12-12T11:50:00+00:00,FALSE,,52.267305,-0.898168,Male,18-24,White - Any other White background,White,Misuse of Drugs Act 1971 (section 23),Controlled drugs,A no further action disposal,FALSE,FALSE
Person search,2020-12-12T15:48:00+00:00,FALSE,,52.374854,-0.719141,Male,18-24,White - English/Welsh/Scottish/Northern Irish/British,White,Misuse of Drugs Act 1971 (section 23),Controlled drugs,Arrest,TRUE,FALSE
Person search,2020-12-12T20:20:00+00:00,FALSE,,52.411958,-0.763027,Male,18-24,White - English/Welsh/Scottish/Northern Irish/British,White,Misuse of Drugs Act 1971 (section 23),Controlled drugs,A no further action disposal,FALSE,FALSE
Person search,2020-12-12T20:20:00+00:00,FALSE,,52.411958,-0.763027,Male,18-24,Other ethnic group - Not stated,,Misuse of Drugs Act 1971 (section 23),Controlled drugs,A no further action disposal,FALSE,FALSE
Person search,2020-12-12T20:28:00+00:00,FALSE,,52.237305,-0.896436,Male,17-Oct,White - English/Welsh/Scottish/Northern Irish/British,White,Misuse of Drugs Act 1971 (section 23),Controlled drugs,A no further action disposal,TRUE,FALSE
Person search,2020-12-12T20:35:00+00:00,FALSE,,52.411958,-0.763027,Male,18-24,Black/African/Caribbean/Black British - African,Black,Misuse of Drugs Act 1971 (section 23),Controlled drugs,A no further action disposal,FALSE,FALSE
Person search,2020-12-13T15:31:00+00:00,FALSE,,52.230242,-0.893039,Male,18-24,White - English/Welsh/Scottish/Northern Irish/British,White,Misuse of Drugs Act 1971 (section 23),Controlled drugs,A no further action disposal,FALSE,FALSE
Person search,2020-12-14T13:04:00+00:00,FALSE,,52.396382,-0.72791,Male,17-Oct,Other ethnic group - Not stated,White,Misuse of Drugs Act 1971 (section 23),Controlled drugs,A no further action disposal,FALSE,FALSE
Person search,2020-12-14T13:04:00+00:00,FALSE,,52.396382,-0.72791,Male,17-Oct,Other ethnic group - Not stated,,Misuse of Drugs Act 1971 (section 23),Controlled drugs,A no further action disposal,TRUE,FALSE
Person search,2020-12-14T13:04:00+00:00,FALSE,,52.396382,-0.72791,Male,18-24,White - English/Welsh/Scottish/Northern Irish/British,White,Misuse of Drugs Act 1971 (section 23),Controlled drugs,A no further action disposal,TRUE,FALSE
Person search,2020-12-14T14:30:00+00:00,FALSE,,52.255446,-0.83359,Male,25-34,Other ethnic group - Not stated,White,Misuse of Drugs Act 1971 (section 23),Controlled drugs,Arrest,TRUE,FALSE
Person search,2020-12-14T14:45:00+00:00,FALSE,,52.255446,-0.83359,Male,25-34,Other ethnic group - Not stated,Asian,Misuse of Drugs Act 1971 (section 23),Controlled drugs,Arrest,TRUE,FALSE
Person search,2020-12-14T15:48:00+00:00,FALSE,,52.232654,-0.889479,Male,18-24,White - English/Welsh/Scottish/Northern Irish/British,White,Police and Criminal Evidence Act 1984 (section 1),Offensive weapons,A no further action disposal,TRUE,FALSE
Person search,2020-12-14T16:30:00+00:00,FALSE,,52.420251,-0.723664,Male,18-24,White - English/Welsh/Scottish/Northern Irish/British,White,Misuse of Drugs Act 1971 (section 23),Controlled drugs,A no further action disposal,FALSE,FALSE
Person search,2020-12-15T01:35:00+00:00,FALSE,,52.245059,-0.881641,Male,18-24,Other ethnic group - Not stated,White,Police and Criminal Evidence Act 1984 (section 1),Article for use in theft,A no further action disposal,FALSE,FALSE
Person search,2020-12-15T11:30:00+00:00,FALSE,,52.403591,-0.731098,Male,over 34,White - English/Welsh/Scottish/Northern Irish/British,White,Misuse of Drugs Act 1971 (section 23),Controlled drugs,A no further action disposal,FALSE,FALSE
Person search,2020-12-15T15:30:00+00:00,FALSE,,52.495556,-0.70621,Male,25-34,White - English/Welsh/Scottish/Northern Irish/British,White,Police and Criminal Evidence Act 1984 (section 1),Stolen goods,A no further action disposal,FALSE,FALSE
Person search,2020-12-15T16:04:00+00:00,FALSE,,52.495556,-0.70621,Male,25-34,White - English/Welsh/Scottish/Northern Irish/British,White,Police and Criminal Evidence Act 1984 (section 1),Offensive weapons,A no further action disposal,FALSE,FALSE
Person search,2020-12-15T21:30:00+00:00,FALSE,,52.302009,-0.688657,Male,25-34,White - English/Welsh/Scottish/Northern Irish/British,White,Misuse of Drugs Act 1971 (section 23),Controlled drugs,Caution (simple or conditional),TRUE,FALSE
Person search,2020-12-15T21:30:00+00:00,FALSE,,52.302009,-0.688657,Male,18-24,White - English/Welsh/Scottish/Northern Irish/British,White,Misuse of Drugs Act 1971 (section 23),Controlled drugs,Caution (simple or conditional),TRUE,FALSE
Person search,2020-12-15T21:55:00+00:00,FALSE,,52.302009,-0.688657,Male,25-34,White - English/Welsh/Scottish/Northern Irish/British,White,Misuse of Drugs Act 1971 (section 23),Controlled drugs,Caution (simple or conditional),TRUE,FALSE
Person search,2020-12-15T22:15:00+00:00,FALSE,,52.251057,-0.869449,Male,18-24,Other ethnic group - Not stated,Asian,Misuse of Drugs Act 1971 (section 23),Controlled drugs,Caution (simple or conditional),TRUE,FALSE
Person search,2020-12-16T01:00:00+00:00,FALSE,,52.248935,-0.876929,Male,over 34,White - English/Welsh/Scottish/Northern Irish/British,White,Police and Criminal Evidence Act 1984 (section 1),Stolen goods,Arrest,TRUE,FALSE
Person search,2020-12-16T16:08:00+00:00,FALSE,,52.238543,-0.898075,Male,over 34,White - Any other White background,White,Misuse of Drugs Act 1971 (section 23),Controlled drugs,A no further action disposal,FALSE,FALSE
Person search,2020-12-16T20:34:00+00:00,FALSE,,52.249248,-0.939045,Male,18-24,White - English/Welsh/Scottish/Northern Irish/British,White,Misuse of Drugs Act 1971 (section 23),Controlled drugs,A no further action disposal,FALSE,FALSE
Person search,2020-12-16T21:28:00+00:00,FALSE,,52.299951,-0.622401,Male,25-34,White - Irish,White,Police and Criminal Evidence Act 1984 (section 1),Offensive weapons,Arrest,TRUE,FALSE
Person search,2020-12-16T22:50:00+00:00,FALSE,,52.244653,-0.864456,Male,18-24,Asian/Asian British - Bangladeshi,Asian,Misuse of Drugs Act 1971 (section 23),Controlled drugs,A no further action disposal,FALSE,FALSE
Person search,2020-12-16T23:00:00+00:00,FALSE,,52.26214,-0.804358,Male,18-24,White - English/Welsh/Scottish/Northern Irish/British,White,Police and Criminal Evidence Act 1984 (section 1),Stolen goods,A no further action disposal,TRUE,FALSE
Person search,2020-12-17T12:09:00+00:00,FALSE,,52.387566,-0.716569,Female,over 34,White - English/Welsh/Scottish/Northern Irish/British,White,Misuse of Drugs Act 1971 (section 23),Controlled drugs,A no further action disposal,FALSE,FALSE
Person search,2020-12-17T12:09:00+00:00,FALSE,,52.387566,-0.716569,Female,25-34,White - English/Welsh/Scottish/Northern Irish/British,White,Misuse of Drugs Act 1971 (section 23),Controlled drugs,A no further action disposal,FALSE,FALSE
Person search,2020-12-17T12:09:00+00:00,FALSE,,52.387566,-0.716569,Male,25-34,Mixed/Multiple ethnic groups - White and Black African,Black,Misuse of Drugs Act 1971 (section 23),Controlled drugs,A no further action disposal,FALSE,FALSE
Person search,2020-12-17T12:09:00+00:00,FALSE,,52.387566,-0.716569,Female,25-34,White - English/Welsh/Scottish/Northern Irish/British,White,Misuse of Drugs Act 1971 (section 23),Controlled drugs,Arrest,TRUE,FALSE
Person search,2020-12-17T13:45:00+00:00,FALSE,,52.265481,-0.814702,Male,17-Oct,Asian/Asian British - Any other Asian background,Asian,Misuse of Drugs Act 1971 (section 23),Controlled drugs,A no further action disposal,FALSE,FALSE
Person search,2020-12-17T16:00:00+00:00,FALSE,,52.233444,-0.880703,Male,17-Oct,White - English/Welsh/Scottish/Northern Irish/British,White,Police and Criminal Evidence Act 1984 (section 1),Article for use in theft,A no further action disposal,FALSE,FALSE
Person search,2020-12-17T17:15:00+00:00,FALSE,,52.233444,-0.880703,Male,17-Oct,White - English/Welsh/Scottish/Northern Irish/British,White,Police and Criminal Evidence Act 1984 (section 1),Articles for use in criminal damage,A no further action disposal,FALSE,FALSE
Person search,2020-12-17T21:00:00+00:00,FALSE,,52.248746,-0.92331,Female,18-24,White - English/Welsh/Scottish/Northern Irish/British,White,Misuse of Drugs Act 1971 (section 23),Controlled drugs,A no further action disposal,TRUE,FALSE
Person search,2020-12-17T21:03:00+00:00,FALSE,,52.243019,-0.916404,Male,18-24,White - English/Welsh/Scottish/Northern Irish/British,White,Misuse of Drugs Act 1971 (section 23),Controlled drugs,A no further action disposal,FALSE,FALSE
Person search,2020-12-17T21:03:00+00:00,FALSE,,52.243019,-0.916404,Female,18-24,White - English/Welsh/Scottish/Northern Irish/British,White,Misuse of Drugs Act 1971 (section 23),Controlled drugs,A no further action disposal,FALSE,FALSE
Person search,2020-12-18T00:35:00+00:00,FALSE,,52.240976,-0.900563,Male,over 34,White - English/Welsh/Scottish/Northern Irish/British,White,Police and Criminal Evidence Act 1984 (section 1),Article for use in theft,A no further action disposal,FALSE,FALSE
Person search,2020-12-18T05:07:00+00:00,FALSE,,52.235736,-0.902713,Male,18-24,Other ethnic group - Not stated,Asian,Police and Criminal Evidence Act 1984 (section 1),Article for use in theft,A no further action disposal,FALSE,FALSE
Person search,2020-12-18T07:21:00+00:00,FALSE,,52.304765,-0.690702,Male,over 34,White - Any other White background,White,Misuse of Drugs Act 1971 (section 23),Controlled drugs,A no further action disposal,FALSE,FALSE
Person search,2020-12-18T21:30:00+00:00,FALSE,,52.411407,-0.72886,Male,18-24,Other ethnic group - Not stated,,Misuse of Drugs Act 1971 (section 23),Controlled drugs,Community resolution,TRUE,FALSE
Person search,2020-12-18T21:40:00+00:00,FALSE,,52.40282,-0.727107,Male,18-24,White - English/Welsh/Scottish/Northern Irish/British,White,Misuse of Drugs Act 1971 (section 23),Controlled drugs,A no further action disposal,TRUE,FALSE
Person search,2020-12-18T21:56:00+00:00,FALSE,,52.411407,-0.72886,Female,17-Oct,White - English/Welsh/Scottish/Northern Irish/British,White,Misuse of Drugs Act 1971 (section 23),Controlled drugs,A no further action disposal,FALSE,FALSE
Person search,2020-12-19T00:05:00+00:00,FALSE,,52.270091,-0.655085,Male,17-Oct,White - English/Welsh/Scottish/Northern Irish/British,White,Misuse of Drugs Act 1971 (section 23),Controlled drugs,A no further action disposal,FALSE,FALSE
Person search,2020-12-19T00:07:00+00:00,FALSE,,52.270091,-0.655085,Male,17-Oct,White - English/Welsh/Scottish/Northern Irish/British,White,Misuse of Drugs Act 1971 (section 23),Controlled drugs,A no further action disposal,FALSE,FALSE
Person search,2020-12-19T00:39:00+00:00,FALSE,,52.296222,-0.662476,Male,18-24,White - English/Welsh/Scottish/Northern Irish/British,White,Police and Criminal Evidence Act 1984 (section 1),Evidence of offences under the Act,Arrest,TRUE,FALSE
Person search,2020-12-19T01:30:00+00:00,FALSE,,52.404069,-0.715444,Male,18-24,White - Any other White background,White,Police and Criminal Evidence Act 1984 (section 1),Stolen goods,A no further action disposal,FALSE,FALSE
Person search,2020-12-19T01:34:00+00:00,FALSE,,,,Male,25-34,Other ethnic group - Any other ethnic group,White,Misuse of Drugs Act 1971 (section 23),Controlled drugs,A no further action disposal,FALSE,FALSE
Person search,2020-12-19T16:58:00+00:00,FALSE,,52.239668,-0.899131,Male,over 34,White - English/Welsh/Scottish/Northern Irish/British,White,Police and Criminal Evidence Act 1984 (section 1),Stolen goods,Arrest,TRUE,FALSE
Person search,2020-12-19T20:40:00+00:00,FALSE,,52.401283,-0.720508,Male,over 34,White - Any other White background,White,Misuse of Drugs Act 1971 (section 23),Controlled drugs,A no further action disposal,FALSE,FALSE
Person search,2020-12-19T21:40:00+00:00,FALSE,,52.402464,-0.716622,Female,over 34,White - English/Welsh/Scottish/Northern Irish/British,White,Misuse of Drugs Act 1971 (section 23),Controlled drugs,A no further action disposal,FALSE,FALSE
Person search,2020-12-19T22:15:00+00:00,FALSE,,52.402464,-0.716622,Male,25-34,Other ethnic group - Not stated,,Misuse of Drugs Act 1971 (section 23),Controlled drugs,A no further action disposal,FALSE,FALSE
Person search,2020-12-19T22:30:00+00:00,FALSE,,52.404607,-0.71118,Female,18-24,White - English/Welsh/Scottish/Northern Irish/British,White,Misuse of Drugs Act 1971 (section 23),Controlled drugs,A no further action disposal,FALSE,FALSE
Person search,2020-12-19T22:30:00+00:00,FALSE,,52.404607,-0.71118,Male,25-34,White - English/Welsh/Scottish/Northern Irish/British,White,Misuse of Drugs Act 1971 (section 23),Controlled drugs,A no further action disposal,FALSE,FALSE
Person search,2020-12-20T00:00:00+00:00,FALSE,,52.361735,-0.678225,Male,18-24,Other ethnic group - Not stated,White,Misuse of Drugs Act 1971 (section 23),Controlled drugs,Community resolution,TRUE,FALSE
Person search,2020-12-20T00:12:00+00:00,FALSE,,52.361735,-0.678225,Male,17-Oct,Other ethnic group - Not stated,White,Misuse of Drugs Act 1971 (section 23),Controlled drugs,A no further action disposal,FALSE,FALSE
Person search,2020-12-20T00:12:00+00:00,FALSE,,52.361735,-0.678225,Male,17-Oct,White - English/Welsh/Scottish/Northern Irish/British,White,Misuse of Drugs Act 1971 (section 23),Controlled drugs,A no further action disposal,FALSE,FALSE
Person search,2020-12-20T00:12:00+00:00,FALSE,,52.361735,-0.678225,Male,17-Oct,Other ethnic group - Not stated,,Misuse of Drugs Act 1971 (section 23),Controlled drugs,Community resolution,TRUE,FALSE
Person search,2020-12-20T02:50:00+00:00,FALSE,,52.301984,-0.695301,Male,18-24,Other ethnic group - Not stated,White,Police and Criminal Evidence Act 1984 (section 1),Offensive weapons,A no further action disposal,FALSE,FALSE
Person search,2020-12-20T03:50:00+00:00,FALSE,,52.301984,-0.695301,Male,18-24,White - English/Welsh/Scottish/Northern Irish/British,White,Police and Criminal Evidence Act 1984 (section 1),Offensive weapons,A no further action disposal,FALSE,FALSE
Person search,2020-12-20T05:00:00+00:00,FALSE,,52.253701,-0.963608,Male,25-34,White - English/Welsh/Scottish/Northern Irish/British,White,Police and Criminal Evidence Act 1984 (section 1),Offensive weapons,A no further action disposal,FALSE,FALSE
Person search,2020-12-20T14:55:00+00:00,FALSE,,52.496098,-0.678029,Male,17-Oct,Other ethnic group - Not stated,,Police and Criminal Evidence Act 1984 (section 1),Offensive weapons,A no further action disposal,FALSE,FALSE
Person search,2020-12-20T15:30:00+00:00,FALSE,,52.496098,-0.678029,Male,17-Oct,White - English/Welsh/Scottish/Northern Irish/British,,Police and Criminal Evidence Act 1984 (section 1),Offensive weapons,A no further action disposal,FALSE,FALSE
Person search,2020-12-20T20:50:00+00:00,FALSE,,52.492433,-0.683957,Male,18-24,White - Any other White background,White,Misuse of Drugs Act 1971 (section 23),Controlled drugs,Arrest,TRUE,FALSE
Person search,2020-12-20T23:05:00+00:00,FALSE,,,,Female,25-34,White - English/Welsh/Scottish/Northern Irish/British,White,Police and Criminal Evidence Act 1984 (section 1),Evidence of offences under the Act,A no further action disposal,FALSE,FALSE
Person search,2020-12-21T11:40:00+00:00,FALSE,,52.241197,-0.911805,Male,18-24,Asian/Asian British - Bangladeshi,Asian,Misuse of Drugs Act 1971 (section 23),Controlled drugs,A no further action disposal,FALSE,FALSE
Person search,2020-12-21T13:20:00+00:00,FALSE,,52.491613,-0.723131,Male,25-34,White - English/Welsh/Scottish/Northern Irish/British,White,Misuse of Drugs Act 1971 (section 23),Controlled drugs,A no further action disposal,FALSE,FALSE
Person search,2020-12-21T13:20:00+00:00,FALSE,,52.491613,-0.723131,Male,over 34,White - English/Welsh/Scottish/Northern Irish/British,White,Misuse of Drugs Act 1971 (section 23),Controlled drugs,A no further action disposal,TRUE,FALSE
Person search,2020-12-21T18:30:00+00:00,FALSE,,52.39327,-0.733657,Male,17-Oct,Other ethnic group - Not stated,White,Misuse of Drugs Act 1971 (section 23),Controlled drugs,A no further action disposal,FALSE,FALSE
Person search,2020-12-21T18:30:00+00:00,FALSE,,52.39327,-0.733657,Male,18-24,White - English/Welsh/Scottish/Northern Irish/British,White,Misuse of Drugs Act 1971 (section 23),Controlled drugs,A no further action disposal,FALSE,FALSE
Person search,2020-12-21T18:30:00+00:00,FALSE,,52.39327,-0.733657,Male,17-Oct,White - English/Welsh/Scottish/Northern Irish/British,White,Misuse of Drugs Act 1971 (section 23),Controlled drugs,A no further action disposal,FALSE,FALSE
Person search,2020-12-21T18:37:00+00:00,FALSE,,52.39327,-0.733657,Male,18-24,White - English/Welsh/Scottish/Northern Irish/British,White,Misuse of Drugs Act 1971 (section 23),Controlled drugs,Caution (simple or conditional),TRUE,FALSE
Person search,2020-12-21T19:26:00+00:00,FALSE,,52.24669,-0.925571,Male,over 34,White - Any other White background,White,Misuse of Drugs Act 1971 (section 23),Controlled drugs,A no further action disposal,FALSE,FALSE
Person search,2020-12-22T15:15:00+00:00,FALSE,,52.230242,-0.893039,Female,25-34,White - English/Welsh/Scottish/Northern Irish/British,White,Misuse of Drugs Act 1971 (section 23),Controlled drugs,A no further action disposal,FALSE,FALSE
Person search,2020-12-22T16:25:00+00:00,FALSE,,,,Male,,Other ethnic group - Not stated,Black,Misuse of Drugs Act 1971 (section 23),Controlled drugs,A no further action disposal,FALSE,FALSE
Person search,2020-12-22T21:10:00+00:00,FALSE,,52.241529,-0.90405,Female,25-34,Black/African/Caribbean/Black British - Caribbean,Black,Misuse of Drugs Act 1971 (section 23),Controlled drugs,A no further action disposal,FALSE,FALSE
Person search,2020-12-22T22:06:00+00:00,FALSE,,52.371428,-0.671105,Male,18-24,White - English/Welsh/Scottish/Northern Irish/British,White,Misuse of Drugs Act 1971 (section 23),Controlled drugs,Khat or Cannabis warning,TRUE,FALSE
Person search,2020-12-22T22:14:00+00:00,FALSE,,52.371428,-0.671105,Male,18-24,White - English/Welsh/Scottish/Northern Irish/British,White,Misuse of Drugs Act 1971 (section 23),Controlled drugs,A no further action disposal,TRUE,FALSE
Person search,2020-12-22T22:18:00+00:00,FALSE,,52.371428,-0.671105,Male,18-24,White - English/Welsh/Scottish/Northern Irish/British,White,Misuse of Drugs Act 1971 (section 23),Controlled drugs,A no further action disposal,TRUE,FALSE
Person search,2020-12-22T22:22:00+00:00,FALSE,,52.371428,-0.671105,Male,18-24,White - English/Welsh/Scottish/Northern Irish/British,White,Misuse of Drugs Act 1971 (section 23),Controlled drugs,A no further action disposal,TRUE,FALSE
Person search,2020-12-23T01:40:00+00:00,FALSE,,52.326534,-0.612917,Male,18-24,White - English/Welsh/Scottish/Northern Irish/British,White,Police and Criminal Evidence Act 1984 (section 1),Articles for use in criminal damage,A no further action disposal,FALSE,FALSE
Person search,2020-12-23T02:45:00+00:00,FALSE,,52.48976,-0.696659,Male,18-24,White - English/Welsh/Scottish/Northern Irish/British,White,Police and Criminal Evidence Act 1984 (section 1),Article for use in theft,A no further action disposal,FALSE,FALSE
Person search,2020-12-23T21:35:00+00:00,FALSE,,52.251804,-0.878908,Female,25-34,White - English/Welsh/Scottish/Northern Irish/British,White,Misuse of Drugs Act 1971 (section 23),Controlled drugs,A no further action disposal,FALSE,FALSE
Person search,2020-12-24T01:25:00+00:00,FALSE,,52.290883,-0.609662,Male,over 34,White - Any other White background,White,Misuse of Drugs Act 1971 (section 23),Controlled drugs,Community resolution,TRUE,FALSE
Person search,2020-12-24T04:00:00+00:00,FALSE,,52.411494,-0.714508,Male,25-34,Other ethnic group - Not stated,Asian,Police and Criminal Evidence Act 1984 (section 1),Article for use in theft,A no further action disposal,FALSE,FALSE
Person search,2020-12-24T04:10:00+00:00,FALSE,,52.411494,-0.714508,Male,over 34,Asian/Asian British - Bangladeshi,Asian,Police and Criminal Evidence Act 1984 (section 1),Article for use in theft,A no further action disposal,FALSE,FALSE
Person search,2020-12-25T00:11:00+00:00,FALSE,,52.240062,-0.900952,Female,25-34,Black/African/Caribbean/Black British - Caribbean,Black,Misuse of Drugs Act 1971 (section 23),Controlled drugs,A no further action disposal,FALSE,FALSE
Person search,2020-12-25T00:14:00+00:00,FALSE,,52.222277,-0.918314,Male,17-Oct,Other ethnic group - Not stated,,Police and Criminal Evidence Act 1984 (section 1),Article for use in theft,A no further action disposal,FALSE,FALSE
Person search,2020-12-25T00:30:00+00:00,FALSE,,52.222277,-0.918314,Male,25-34,White - English/Welsh/Scottish/Northern Irish/British,White,Police and Criminal Evidence Act 1984 (section 1),Stolen goods,A no further action disposal,FALSE,FALSE
Person search,2020-12-25T15:01:00+00:00,FALSE,,52.300408,-0.61762,Male,17-Oct,White - English/Welsh/Scottish/Northern Irish/British,White,Police and Criminal Evidence Act 1984 (section 1),Stolen goods,A no further action disposal,FALSE,FALSE
Person search,2020-12-25T18:55:00+00:00,FALSE,,,,Male,17-Oct,White - English/Welsh/Scottish/Northern Irish/British,White,Police and Criminal Evidence Act 1984 (section 1),Article for use in theft,A no further action disposal,FALSE,FALSE
Person search,2020-12-25T20:30:00+00:00,FALSE,,52.247645,-1.17255,Male,25-34,White - English/Welsh/Scottish/Northern Irish/British,White,Misuse of Drugs Act 1971 (section 23),Controlled drugs,Arrest,TRUE,FALSE
Person search,2020-12-26T13:50:00+00:00,FALSE,,52.300408,-0.61762,Male,18-24,Other ethnic group - Not stated,White,Police and Criminal Evidence Act 1984 (section 1),Offensive weapons,A no further action disposal,FALSE,FALSE
Person search,2020-12-27T19:35:00+00:00,FALSE,,52.300262,-0.693284,Male,25-34,White - English/Welsh/Scottish/Northern Irish/British,White,Police and Criminal Evidence Act 1984 (section 1),Offensive weapons,A no further action disposal,FALSE,FALSE
Person search,2020-12-27T20:45:00+00:00,FALSE,,,,Male,18-24,Black/African/Caribbean/Black British - Any other Black/African/Caribbean background,Black,Police and Criminal Evidence Act 1984 (section 1),Article for use in theft,A no further action disposal,FALSE,FALSE
Person search,2020-12-27T20:55:00+00:00,FALSE,,52.250034,-0.8982,Male,over 34,White - English/Welsh/Scottish/Northern Irish/British,White,Misuse of Drugs Act 1971 (section 23),Controlled drugs,A no further action disposal,FALSE,FALSE
Person search,2020-12-29T11:20:00+00:00,FALSE,,52.407866,-0.72067,Male,over 34,White - English/Welsh/Scottish/Northern Irish/British,White,Misuse of Drugs Act 1971 (section 23),Controlled drugs,A no further action disposal,FALSE,FALSE
Person search,2020-12-29T12:00:00+00:00,FALSE,,52.40282,-0.727107,Male,over 34,Black/African/Caribbean/Black British - Caribbean,Black,Misuse of Drugs Act 1971 (section 23),Controlled drugs,Summons / charged by post,TRUE,FALSE
Person search,2020-12-29T12:17:00+00:00,FALSE,,52.40282,-0.727107,Male,25-34,Mixed/Multiple ethnic groups - White and Black Caribbean,Black,Misuse of Drugs Act 1971 (section 23),Controlled drugs,A no further action disposal,FALSE,FALSE
Person search,2020-12-29T13:00:00+00:00,FALSE,,52.400555,-0.712268,Male,17-Oct,White - English/Welsh/Scottish/Northern Irish/British,White,Misuse of Drugs Act 1971 (section 23),Controlled drugs,Arrest,TRUE,FALSE
Person search,2020-12-29T19:12:00+00:00,FALSE,,52.367626,-0.686465,Male,25-34,Black/African/Caribbean/Black British - African,Black,Misuse of Drugs Act 1971 (section 23),Controlled drugs,A no further action disposal,FALSE,FALSE
Person search,2020-12-30T00:00:00+00:00,FALSE,,52.394713,-0.531212,Male,18-24,White - English/Welsh/Scottish/Northern Irish/British,White,Police and Criminal Evidence Act 1984 (section 1),Stolen goods,A no further action disposal,FALSE,FALSE
Person search,2020-12-30T00:00:00+00:00,FALSE,,52.242885,-0.884654,Male,25-34,Other ethnic group - Not stated,,Police and Criminal Evidence Act 1984 (section 1),Article for use in theft,A no further action disposal,FALSE,FALSE
Person search,2020-12-30T14:30:00+00:00,FALSE,,52.404771,-0.708044,Male,18-24,Mixed/Multiple ethnic groups - White and Black Caribbean,Black,Misuse of Drugs Act 1971 (section 23),Controlled drugs,A no further action disposal,FALSE,TRUE
Person search,2020-12-30T15:20:00+00:00,FALSE,,52.130708,-0.988495,Female,17-Oct,White - English/Welsh/Scottish/Northern Irish/British,White,Misuse of Drugs Act 1971 (section 23),Controlled drugs,A no further action disposal,FALSE,FALSE
Person search,2020-12-30T15:20:00+00:00,FALSE,,52.202431,-0.869044,Male,25-34,White - English/Welsh/Scottish/Northern Irish/British,White,Misuse of Drugs Act 1971 (section 23),Controlled drugs,A no further action disposal,FALSE,FALSE
Person search,2020-12-30T15:25:00+00:00,FALSE,,52.188945,-0.887013,Male,25-34,White - English/Welsh/Scottish/Northern Irish/British,White,Misuse of Drugs Act 1971 (section 23),Controlled drugs,A no further action disposal,FALSE,FALSE
Person search,2020-12-31T00:17:00+00:00,FALSE,,,,Male,over 34,White - English/Welsh/Scottish/Northern Irish/British,White,Police and Criminal Evidence Act 1984 (section 1),Offensive weapons,A no further action disposal,FALSE,FALSE
Person search,2020-12-31T17:00:00+00:00,FALSE,,52.248935,-0.876929,Female,17-Oct,White - English/Welsh/Scottish/Northern Irish/British,White,Police and Criminal Evidence Act 1984 (section 1),Offensive weapons,A no further action disposal,FALSE,FALSE
Person search,2020-12-31T21:26:00+00:00,FALSE,,52.265398,-1.171985,Male,25-34,White - English/Welsh/Scottish/Northern Irish/British,White,Police and Criminal Evidence Act 1984 (section 1),Offensive weapons,A no further action disposal,TRUE,FALSE
